class,name,old_tag,old_resref,new_tag,new_resref
A,Adamantine Chainmail,AdamantineChainmail,adamantinepla001,AdamantineChainmail2,adamantinepla001
A,Adamantite Small Shield,AdamantiteSmallShield,adamantitesmalls,AdamantiteSmallShield2,adamantitesmalls
A,Adamantite Tower Shield,AdamantiteTowerShield,adamantitetowers,AdamantiteTowerShield2,adamantitetowers
A,A weak Morgul Knife,AlesserMorgulKnife,morgulknife002,AlesserMorgulKnife2,morgulknife002
A,Amulet of Dire Protection,AmuletofDireProtection,amuletofdirep001,AmuletofDireProtection2,amuletofdirep001
A,Amulet of Corrupt Faith,AmuletofDivineFaith,amuletofdivin001,AmuletofDivineFaith2,amuletofdivin001
A,Armor of The Defender,ArmorofTheDefender,017,ArmorofTheDefender2,017
A,Arrow of the Orc Defender,ArrowoftheOrcDefender,045,ArrowoftheOrcDefender2,045
A,Avenger,Avenger,avenger002,Avenger2,avenger002
A,Axe of the Gate,AxeoftheBrute,axeofthebrute001,AxeoftheBrute2,axeofthebrute001
A,Axe of the Ologai Troll,AxeoftheOlogaiTroll,wdbmax005,AxeoftheOlogaiTroll2,wdbmax005
A,Bad Brains {EPIC},BadBrains,badbrains001,BadBrains2,badbrains001
A,Bad Brains,BadBrains,badbrains002,BadBrains3,badbrains002
A,Balrog Skin,balrogskin,crittablenpcs001,BalrogSkin2,crittablenpcs001
A,UrukHai Squad Leader Plate,BattlePlateofPain,battleplateof003,BattlePlateofPain2,battleplateof003
A,Battle Plate of the Marshall,BattlePlateoftheChosen,battleplateof009,BattlePlateoftheChosen2,battleplateof009
A,White Hand Protectorate,BattlePlateoftheChosen,battleplateof010,BattlePlateoftheChosen3,battleplateof010
A,Battle Plate of the Chosen,BattlePlateoftheChosen,battleplateofthc,BattlePlateoftheChosen4,battleplateofthc
A,Epic Belt of Dark Warding,BeltofDarkWarding,021,BeltofDarkWarding2,021
A,Hoarmouth's Sash,BeltofDivineMight,beltofdivinem001,BeltofDivineMight2,beltofdivinem001
A,Belt of Greatness,BeltofGreatness,beltofgreatne002,BeltofGreatness2,beltofgreatne002
A,Belt of Power,BeltofPower,beltofpower002,BeltofPower2,beltofpower002
A,Belt of the Dancer,BeltoftheTitans,027,BeltoftheTitans2,027
A,Blade of Roses +6,BladeofRoses,ls_bladeofros002,BladeofRoses2,ls_bladeofros002
A,Blade of Roses +6,BladeofRoses,ls_bladeofros003,BladeofRoses2,ls_bladeofros003
A,Blade of Roses +6,BladeofRoses,ls_bladeofroses,BladeofRoses2,ls_bladeofroses
A,Bonebat bite,Bonebatbite,bonebatbite001,Bonebatbite2,bonebatbite001
A,Bracers of the Dwarven Protector,BracersoftheDwarvenProtector,020,BracersoftheDwarvenProtector2,020
A,Bracers of the Dwarven Protector,BracersoftheDwarvenProtector,022,BracersoftheDwarvenProtector2,022
A,Branch of Rivendell,BranchofRivendell,branchofriven001,BranchofRivendell2,branchofriven001
A,Cat O' Nine Tails,CatONineTails,item005,CatONineTails2,item005
A,NPC garb *weak,celebornsgarb,celebornsgarb001,celebornsgarb2,celebornsgarb001
A,Skin of Gondor,celebornsgarb,celebornsgarb002,celebornsgarb3,celebornsgarb002
A,NPC garb **weaker,celebornsgarb,celebornsgarb003,celebornsgarb4,celebornsgarb003
A,Chainmail +4,Chainmail4,chainmail004,ChainMail42,chainmail004
A,Chain Shirt +4,ChainShirt4,chainshirt004,Chainshirt42,chainshirt004
A,Chupas Armor,CheftansArmor,cheftansarmor001,CheftansArmor2,cheftansarmor001
A,Pet Rock,chosenfist,chosenfist001,chosenfist2,chosenfist001
A,Claw of the Mega SPider,ClawoftheMegaSPider,clawofthemega002,ClawoftheMegaSPider2,clawofthemega002
A,Cloak of Darkness,CloakofDarkness,cloakofdarkne002,CloakofDarkness2,cloakofdarkne002
A,Cloak of Orc,CloakOfFortification5,009,CloakOfFortification52,009
A,Cloak of the Orc,CloakOfFortification5,053,CloakOfFortification53,053
A,Cloak of Fortification +5,CloakofFortification5,cloakoffortifica,CloakOfFortification54,cloakoffortifica
A,Cloak of the Reaper,CloakoftheReaper,cloakofthebea001,CloakoftheReaper2,cloakofthebea001
A,Crown of Gondor,CrownofGondor,crownofgondor002,CrownofGondor2,crownofgondor002
A,Crown of Thorns,CrownofGondor,crownofgondor003,CrownofGondor3,crownofgondor003
A,Crown of Weathertop,CrownofWeathertop,crownofweathe001,CrownofWeathertop2,crownofweathe001
A,Crown of Weathertop,CrownofWeathertop,crownofweathe004,CrownofWeathertop3,crownofweathe004
A,Cursed Guantlets,CursedGuantlets,cursedguantle002,CursedGuantlets2,cursedguantle002
A,Cursed Ones Helm,CursedOnesHelm,cursedoneshel002,CursedOnesHelm2,cursedoneshel002
A,Cursed Plate,CursedPlate,cursedplate002,CursedPlate2,cursedplate002
A,Dagger of Venom,DaggerofVenom,daggerofvenom002,DaggerofVenom2,daggerofvenom002
A,Darkshot,Darkshot,darkshot001,Darkshot2,darkshot001
A,Dark Stone Hammer,DarkStoneHammer,darkstonehamm002,DarkStoneHammer2,darkstonehamm002
A,Dawn Star,DawnStar,dawnstar002,DawnStar2,dawnstar002
A,Deadly Whisper,DeadlyWhisper,deadlywhisper001,DeadlyWhisper2,deadlywhisper001
A,Devil's Advocate,DevilsAdvocate,item026,DevilsAdvocate2,item026
A,DragonSlayer,DragonSlayer,dragonslayer002,Dragonslayer2,dragonslayer002
A,Acidic Arrows Of The Sewers,DrowArrowsOfSlaying,113,DrowArrowsOfSlaying2,113
A,Dwarven Battle Field Armor,DwarvenBattleFieldArmor,dwarvenbattlefie,DwarvenBattleFieldArmor2,dwarvenbattlefie
A,Elven Chainmail +2,ElvenChainmail2,elvenchainmai002,ElvenChainmail22,elvenchainmai002
A,Elven Chainmail +2,ElvenChainmail2,elvenchainmai003,ElvenChainmail22,elvenchainmai003
A,Elven Leather +2,ElvenLeather2,elvenleather002,ElvenLeather22,elvenleather002
A,Greater Gondorian Plate,EpicGondorianPlate,gondorianplat001,EpicGondorianPlate2,gondorianplat001
A,Fey'Ri/Half-Chaos DragonSkin,FeyRihalfdragonSkin,feyriskin001,FeyRihalfdragonSkin2,feyriskin001
A,Frostbite,Frostbite,frostbite001,FrostBite2,frostbite001
A,Plate of the Dwarven Cleric,FullPlate4,fullplate005,FullPlate42,fullplate005
A,Galadhrim Monk Helm ,GaladhrimHelm,galadhrimhelm001,GaladhrimHelm2,galadhrimhelm001
A,Galadhrim Sorcers Helm,GaladhrimHelm,galadhrimhelm002,GaladhrimHelm3,galadhrimhelm002
A,Galadhrim Fighter Helm ,GaladhrimHelm,galadhrimhelm003,GaladhrimHelm4,galadhrimhelm003
A,Galadhrim Fighter Plate,Galadhrimrobes,galadhrimrobe001,Galadhrimrobes2,galadhrimrobe001
A,Galadhrim Monk Robes,Galadhrimrobes,galadhrimrobe002,Galadhrimrobes3,galadhrimrobe002
A,Galadhrim Sorcers Belt,GaladhrimWizardsBelt,galadhrimwiza001,GaladhrimWizardsBelt2,galadhrimwiza001
A,Gandalf's Robe,gandalfsrobe,carapiceofshello,gandalfsrobe2,carapiceofshello
A,Bastard Sword of Denethor,glamdring,glamhring,glamdring2,glamhring
A,Glamdring,glamhring3ObisSword,item060,glamhring3ObisSword2,item060
A,Gandalf's Glamhring II,glamhring3ObisSword,item081,glamhring3ObisSword3,item081
A,Melting Arrow,GreaterAcidArrow,greateracidar001,GreaterAcidArrow2,greateracidar001
A,Greater Ice Arrows,GreaterFireArrows,greaterfirear001,GreaterFireArrows2,greaterfirear001
A,Greater Cold Arrows,GreaterFireArrows,greaterfirear002,GreaterFireArrows3,greaterfirear002
A,Greater Shock Arrows,GreaterFireArrows,greaterfirear003,GreaterFireArrows4,greaterfirear003
A,Greater Electrical Arrow,GreaterFireArrows,greaterfirear004,GreaterFireArrows5,greaterfirear004
A,Greater Piercing Arrow,GreaterFireArrows,greaterfirear005,GreaterFireArrows6,greaterfirear005
A,Greater Needle Arrow,GreaterFireArrows,greaterfirear006,GreaterFireArrows7,greaterfirear006
A,Greater Slashing Arrow,GreaterFireArrows,greaterfirear007,GreaterFireArrows8,greaterfirear007
A,Greater Slicing Arrow,GreaterFireArrows,greaterfirear008,GreaterFireArrows9,greaterfirear008
A,Greater Sonic Arrow,GreaterFireArrows,greaterfirear009,GreaterFireArrows10,greaterfirear009
A,Greater Banshee Arrow,GreaterFireArrows,greaterfirear010,GreaterFireArrows11,greaterfirear010
A,Greater Gondorian Helm,GreaterGondorianHelm,gondorianhelm001,GreaterGondorianHelm2,gondorianhelm001
A,Greater Ring of Power,GreaterRingofPower,greaterringof002,GreaterRingofPower2,greaterringof002
A,Greater Ring of Power,GreaterRingofPower,greaterringofpow,GreaterRingofPower3,greaterringofpow
A,Greater Scarab Protector,GreaterScarabProtector,greaterscarab002,GreaterScarabProtector2,greaterscarab002
A,Greater Scarab Protector,GreaterScarabProtector,greaterscarab003,GreaterScarabProtector3,greaterscarab003
A,Scarab Defender,GreaterScarabProtector,greaterscarabpro,GreaterScarabProtector4,greaterscarabpro
A,Great Shield of Rivendell,GreatShieldofRivendell,greatshieldof001,GreatShieldofRivendell2,greatshieldof001
A,Gwathdor Helmet,GwathdorHelmet,gwathdorhelme002,GwathdorHelmet2,gwathdorhelme002
A,Gwathdor Watcher Robe,GwathdorWatcherRobe,gwathdorwatcherr,GwathdorWatcherRobe2,gwathdorwatcherr
A,Gwathdor Wizard Robe,GwathWizardRobe,gwatwizrobe002,GwathWizardRobe2,gwatwizrobe002
A,Halberd of the Rohir,Halberd4,halberd005,Halberd42,halberd005
A,Hammer of the Gods,HammeroftheGods,hammerofthego001,HammeroftheGods2,hammerofthego001
A,Hand of Many,HandOfMany,050,HandOfMany2,050
A,Helm of the Orc Brute,HelmoftheOrcBrute,helmoftheorcbrut,HelmoftheOrcBrute2,helmoftheorcbrut
A,Helm of the Ridermark,HelmoftheRidermark,helmoftheride001,HelmoftheRidermark2,helmoftheride001
A,Helm of Adunaphel,HelmoftheWitchKing,helmofthewitc001,HelmoftheWitchKing2,helmofthewitc001
A,Greater Lava Imp Boots,ImpBoots,impboots001,ImpBoots2,impboots001
A,Slug Arrow,InfernoArrows,infernoarrows001,InfernoArrows2,infernoarrows001
A,Thudshot Arrow,InfernoArrows,infernoarrows002,InfernoArrows3,infernoarrows002
A,Arctic Arrow,InfernoArrows,infernoarrows003,InfernoArrows4,infernoarrows003
A,Freezing Arrow,InfernoArrows,infernoarrows004,InfernoArrows5,infernoarrows004
A,Defribulator Arrow,InfernoArrows,infernoarrows005,InfernoArrows6,infernoarrows005
A,Lightning Arrow,InfernoArrows,infernoarrows006,InfernoArrows7,infernoarrows006
A,Railshot Arrow,InfernoArrows,infernoarrows007,InfernoArrows8,infernoarrows007
A,Harpoon Arrow,InfernoArrows,infernoarrows008,InfernoArrows9,infernoarrows008
A,Scalpel Arrow,InfernoArrows,infernoarrows009,InfernoArrows10,infernoarrows009
A,Razor Tipped Arrow,InfernoArrows,infernoarrows010,InfernoArrows11,infernoarrows010
A,Screamer Arrow,InfernoArrows,infernoarrows011,InfernoArrows12,infernoarrows011
A,Intercession *epic*,Intercessionepic,ls_intercessi002,IntercessionEPIC2,ls_intercessi002
A,Isaac's Ring,IsaacsRing,item041,IsaacsRing2,item041
A,Mordor Archer Bow,item080ret,item111,item080ret2,item111
A,Katana of the Dark Kings,KatanaofKings,katanaofkings001,KatanaofKings2,katanaofkings001
A,Mindmelter of the Mummylord,KukrioftheMummylord,kukriofthemummyl,KukrioftheMummylord2,kukriofthemummyl
A,Leg of Shelob,LegofShelob,legofshelob002,LegofShelob2,legofshelob002
A,Helm of the Battle Lord,lesserhelmofb002,lesserhelmofb003,lesserhelmofb0022,lesserhelmofb003
A,Master's Robe of the Stone Hand,lesserrobeoft003,lesserrobeoft004,lesserrobeoft0032,lesserrobeoft004
A,Minor Robe of no color,LesserRobeOrderless,lesserrobe13o001,LesserRobeOrderless2,lesserrobe13o001
A,Robe of no color,LesserRobeOrderless,lesserrobe13o002,LesserRobeOrderless3,lesserrobe13o002
A,Greater Robe of no color,LesserRobeOrderless,lesserrobe13o003,LesserRobeOrderless4,lesserrobe13o003
A,Lesser Robe of no color,LesserRobeOrderless,lesserrobe13orde,LesserRobeOrderless5,lesserrobe13orde
A,Minor Red Robe,LesserRobeOrderofBlood,lesserrobeord001,LesserRobeOrderofBlood2,lesserrobeord001
A,Red Robe,LesserRobeOrderofBlood,lesserrobeord002,LesserRobeOrderofBlood3,lesserrobeord002
A,Greater Red Robe,LesserRobeOrderofBlood,lesserrobeord003,LesserRobeOrderofBlood4,lesserrobeord003
A,Lesser Red Robe,LesserRobeOrderofBlood,lesserrobeordero,LesserRobeOrderofBlood5,lesserrobeordero
A,Black Robe,LesserRobeOrderofChaos,lesserrobe8or001,LesserRobeOrderofChaos2,lesserrobe8or001
A,Minor Black Robe,LesserRobeOrderofChaos,lesserrobe8or002,LesserRobeOrderofChaos3,lesserrobe8or002
A,Greater Black Robe,LesserRobeOrderofChaos,lesserrobe8or003,LesserRobeOrderofChaos4,lesserrobe8or003
A,Lesser Black Robe,LesserRobeOrderofChaos,lesserrobe8order,LesserRobeOrderofChaos5,lesserrobe8order
A,Minor Cyan Robe,LesserRobeOrderofEmerald,lesserrobe10o001,LesserRobeOrderofEmerald2,lesserrobe10o001
A,Cyan Robe,LesserRobeOrderofEmerald,lesserrobe10o002,LesserRobeOrderofEmerald3,lesserrobe10o002
A,Greater Cyan Robe,LesserRobeOrderofEmerald,lesserrobe10o003,LesserRobeOrderofEmerald4,lesserrobe10o003
A,Lesser Cyan Robe,LesserRobeOrderofEmerald,lesserrobe10orde,LesserRobeOrderofEmerald5,lesserrobe10orde
A,Minor Orange Robe,LesserRobeOrderofFire,lesserrobe9or001,LesserRobeOrderofFire2,lesserrobe9or001
A,Orange Robe,LesserRobeOrderofFire,lesserrobe9or002,LesserRobeOrderofFire3,lesserrobe9or002
A,Greater Orange Robe,LesserRobeOrderofFire,lesserrobe9or003,LesserRobeOrderofFire4,lesserrobe9or003
A,Lesser Orange Robe,LesserRobeOrderofFire,lesserrobe9order,LesserRobeOrderofFire5,lesserrobe9order
A,Minor Gold Robe,LesserRobeOrderofGold,lesserrobe6or001,LesserRobeOrderofGold2,lesserrobe6or001
A,Gold Robe,LesserRobeOrderofGold,lesserrobe6or002,LesserRobeOrderofGold3,lesserrobe6or002
A,Greater Gold Robe,LesserRobeOrderofGold,lesserrobe6or003,LesserRobeOrderofGold4,lesserrobe6or003
A,Lesser Gold Robe,LesserRobeOrderofGold,lesserrobe6order,LesserRobeOrderofGold5,lesserrobe6order
A,Minor Blue Robe,LesserRobeOrderofIce,lesserrobe5or001,LesserRobeOrderofIce2,lesserrobe5or001
A,Blue Robe,LesserRobeOrderofIce,lesserrobe5or002,LesserRobeOrderofIce3,lesserrobe5or002
A,Greater Blue Robe,LesserRobeOrderofIce,lesserrobe5or003,LesserRobeOrderofIce4,lesserrobe5or003
A,Lesser Blue Robe,LesserRobeOrderofIce,lesserrobe5order,LesserRobeOrderofIce5,lesserrobe5order
A,Lesser Green Robe,LesserRobeOrderofJade,lesserrobe4or001,LesserRobeOrderofJade2,lesserrobe4or001
A,Green Robe,LesserRobeOrderofJade,lesserrobe4or002,LesserRobeOrderofJade3,lesserrobe4or002
A,Greater Green Robe,LesserRobeOrderofJade,lesserrobe4or003,LesserRobeOrderofJade4,lesserrobe4or003
A,Lesser Green Robe,LesserRobeOrderofJade,lesserrobe4order,LesserRobeOrderofJade2,lesserrobe4order
A,Minor Grey Robe,LesserRobeOrderofKnowledge,lesserrobe2or001,LesserRobeOrderofKnowledge2,lesserrobe2or001
A,Grey Robe,LesserRobeOrderofKnowledge,lesserrobe2or002,LesserRobeOrderofKnowledge3,lesserrobe2or002
A,Greater Grey Robe,LesserRobeOrderofKnowledge,lesserrobe2or003,LesserRobeOrderofKnowledge4,lesserrobe2or003
A,Lesser Grey Robe,LesserRobeOrderofKnowledge,lesserrobe2order,LesserRobeOrderofKnowledge5,lesserrobe2order
A,Minor Aqua Robe,LesserRobeOrderofOceans,lesserrobe11o001,LesserRobeOrderofOceans2,lesserrobe11o001
A,Aqua Robe,LesserRobeOrderofOceans,lesserrobe11o002,LesserRobeOrderofOceans3,lesserrobe11o002
A,Greater Aqua Robe,LesserRobeOrderofOceans,lesserrobe11o003,LesserRobeOrderofOceans4,lesserrobe11o003
A,Lesser Aqua Robe,LesserRobeOrderofOceans,lesserrobe11orde,LesserRobeOrderofOceans5,lesserrobe11orde
A,Minor Brown Robe,LesserRobeOrderofPain,lesserrobe3or001,LesserRobeOrderofPain2,lesserrobe3or001
A,Brown Robe,LesserRobeOrderofPain,lesserrobe3or002,LesserRobeOrderofPain3,lesserrobe3or002
A,Greater Brown Robe,LesserRobeOrderofPain,lesserrobe3or003,LesserRobeOrderofPain4,lesserrobe3or003
A,Lesser Brown Robe,LesserRobeOrderofPain,lesserrobe3order,LesserRobeOrderofPain5,lesserrobe3order
A,Minor Yellow Robe,LesserRobeOrderofSuns,lesserrobe12o001,LesserRobeOrderofSuns2,lesserrobe12o001
A,Yellow Robe,LesserRobeOrderofSuns,lesserrobe12o002,LesserRobeOrderofSuns3,lesserrobe12o002
A,Greater Yellow Robe,LesserRobeOrderofSuns,lesserrobe12o003,LesserRobeOrderofSuns4,lesserrobe12o003
A,Lesser Yellow Robe,LesserRobeOrderofSuns,lesserrobe12orde,LesserRobeOrderofSuns5,lesserrobe12orde
A,Minor White Robe,LesserRobeOrderofTruth,lesserrobe7or001,LesserRobeOrderofTruth2,lesserrobe7or001
A,White Robe,LesserRobeOrderofTruth,lesserrobe7or002,LesserRobeOrderofTruth3,lesserrobe7or002
A,Greater White Robe,LesserRobeOrderofTruth,lesserrobe7or003,LesserRobeOrderofTruth4,lesserrobe7or003
A,Lesser White Robe,LesserRobeOrderofTruth,lesserrobe7order,LesserRobeOrderofTruth5,lesserrobe7order
A,Orcen Ring,LightstreamRing,129,LightstreamRing2,129
A,Lorien Garb,LorienGarb,loriengarb003,LorienGarb2,loriengarb003
A,Masterwork BattleAxe,MasterBAxe,mbaxe,MasterBAxe2,mbaxe
A,Mesh of Eryn Lasgalen,MeshofErynLasgalen,meshoferynlas002,MeshofErynLasgalen2,meshoferynlas002
A,Mordor Bowman Armor,MordorBowmanArmor,mordorbowmana001,MordorBowmanArmor2,mordorbowmana001
A,Mordor Orc Tower Shield,MordorOrcTowerShield,mordororctowersh,MordorOrcTowerShield2,mordororctowersh
A,Nightsmoke,Nightsmoke,nightsmoke002,Nightsmoke2,nightsmoke002
A,Nightsmoke,Nightsmoke,nightsmoke003,Nightsmoke2,nightsmoke003
A,NPC Buff Gear **,NPCBuffGear,npcbuffgear002,NPCBuffGear2,npcbuffgear002
A,Balrog Buff Gear,NPCBuffGear,npcbuffgear003,NPCBuffGear3,npcbuffgear003
A,Skin of Gloin,NPCBuffGear,npcbuffgear009,NPCBuffGear4,npcbuffgear009
A,Skin of Denth,NPCBuffGear,npcbuffgear014,NPCBuffGear5,npcbuffgear014
A,DolGur Buff Gear **,NPCBuffGear2223,npcbuffgear006,NPCBuffGear22232,npcbuffgear006
A,armhe008,NW_ARMHE007,armhe008,NW_ARMHE0072,armhe008
A,Circlet of Flame,NW_ARMHE010,armhe011,NW_ARMHE0102,armhe011
A,Shield of the Unholy,NW_ASHMLW003,ashmlw004,NW_ASHMLW0032,ashmlw004
A,ashmlw005,NW_ASHMLW003,ashmlw005,NW_ASHMLW0033,ashmlw005
A,Drow Level 20 Properties,NW_IT_CREITEM059,it_creitem006,NW_IT_CREITEM0592,it_creitem006
A,Drow Level 20 Properties,NW_IT_CREITEM059,it_creitem007,NW_IT_CREITEM0592,it_creitem007
A,Drow Level 20 Properties,NW_IT_CREITEM059,it_creitem008,NW_IT_CREITEM0592,it_creitem008
A,Drow Level 40 Properties,NW_IT_CREITEM059,it_creitem014,NW_IT_CREITEM0593,it_creitem014
A,Witch King Properties,NW_IT_CREITEMDRB,it_creitemdrb001,NW_IT_CREITEMDRB2,it_creitemdrb001
A,it_creitemdrb002,NW_IT_CREITEMDRB,it_creitemdrb002,NW_IT_CREITEMDRB3,it_creitemdrb002
A,Weathertop Undead Properties,NW_IT_CREITEMUNH,034,NW_IT_CREITEMUNH2,034
A,it_creitem009,NW_IT_CREITEMUNH,it_creitem009,NW_IT_CREITEMUNH3,it_creitem009
A,it_creitem010,NW_IT_CREITEMUNH,it_creitem010,NW_IT_CREITEMUNH4,it_creitem010
A,it_creitem011,NW_IT_CREITEMUNH,it_creitem011,NW_IT_CREITEMUNH3,it_creitem011
A,Undead Properties Blunt prop,NW_IT_CREITEMUNH,it_creitem012,NW_IT_CREITEMUNH5,it_creitem012
A,Undead Properties Greater Blunt prop,NW_IT_CREITEMUNH,it_creitem015,NW_IT_CREITEMUNH6,it_creitem015
A,Dunharrow Undead Properties,NW_IT_CREITEMUNH,it_creitemunh001,NW_IT_CREITEMUNH7,it_creitemunh001
A,lostsoul Undead Properties,NW_IT_CREITEMUNH,it_creitemunh002,NW_IT_CREITEMUNH8,it_creitemunh002
A,Dunharrow Undead Properties,NW_IT_CREITEMUNH,it_creitemunh003,NW_IT_CREITEMUNH9,it_creitemunh003
A,Balor Lord Sword,NW_IT_CREWBS001,it_crewbs002,NW_IT_CREWBS0012,it_crewbs002
A,Master Sword of the Balrog,NW_IT_CREWBS001,it_crewbs004,NW_IT_CREWBS0013,it_crewbs004
A,Claw1d2 / 2d10 acid,NW_IT_CREWPSP001,it_crewpsp002,NW_IT_CREWPSP0012,it_crewpsp002
A,Claw1d2 / 2d10 acid Giant Spider,NW_IT_CREWPSP001,it_crewpsp003,NW_IT_CREWPSP0013,it_crewpsp003
A,it_crewpsp013,NW_IT_CREWPSP001,it_crewpsp013,NW_IT_CREWPSP0014,it_crewpsp013
A,pissed claw,NW_IT_CREWPSP015,it_crewpsp023,NW_IT_CREWPSP0152,it_crewpsp023
A,it_crewpsp018,NW_IT_CREWPSP027,it_crewpsp018,NW_IT_CREWPSP0272,it_crewpsp018
A,Witch King Claw2d8,NW_IT_CREWPSP027,it_crewpsp019,NW_IT_CREWPSP0273,it_crewpsp019
A,Belt of Frost Giant Strength,NW_IT_MBELT007,it_mbelt008,NW_IT_MBELT0072,it_mbelt008
A,it_mbelt024,NW_IT_MBELT007,it_mbelt024,NW_IT_MBELT0073,it_mbelt024
A,Dragon Slippers,NW_IT_MBOOTS003,dragonslips,NW_IT_MBOOTS0032,dragonslips
A,Gloves of the Stone Heart,nw_it_mglove010,glovstoneheart,nw_it_mglove0102,glovstoneheart
A,it_mring008,NW_IT_MRING004,it_mring008,NW_IT_MRING0042,it_mring008
A,Ring of Regeneration +4,NW_IT_MRING004,it_mring036,NW_IT_MRING0042,it_mring036
A,Ring of Regeneration +7,NW_IT_MRING004,it_mring039,NW_IT_MRING0043,it_mring039
A,Ring of Regeneration +7,NW_IT_MRING004,it_mring041,NW_IT_MRING0043,it_mring041
A,Ring of Regeneration +10,NW_IT_MRING004,it_mring042,NW_IT_MRING0044,it_mring042
A,Belt of Inertial Barrier,NW_ITEM_000,it_mbelt023,NW_ITEM_0002,it_mbelt023
A,Tigran Claw,NW_ITEM_000,tigranclaw,NW_ITEM_0003,tigranclaw
A,maarcl019,NW_MAARCL018,maarcl019,NW_MAARCL0182,maarcl019
A,Elrond's Battle Armor,NW_MAARCL022,maarcl024,NW_MAARCL0222,maarcl024
A,Glorfindel's Battle Armor,NW_MAARCL022,maarcl025,NW_MAARCL0223,maarcl025
A,Plate of the Elven Captain,NW_MAARCL022,maarcl026,NW_MAARCL0224,maarcl026
A,Ancient Elven Armor,NW_MAARCL022,maarcl027,NW_MAARCL0225,maarcl027
A,Chainmail of Speed,NW_MAARCL039,maarcl040,NW_MAARCL0392,maarcl040
A,Carrok Plate,NW_MAARCL068,maarcl069,NW_MAARCL0682,maarcl069
A,Grand Carrok Plate,NW_MAARCL068,maarcl070,NW_MAARCL0683,maarcl070
A,Stormblood Armor,NW_MAARCL080,maarcl108,NW_MAARCL0802,maarcl108
A,Black Robe of the Archmagi,NW_MCLOTH004,mcloth024,NW_MCLOTH0042,mcloth024
A,Robe of the Disciple,NW_MCLOTH004,mcloth025,NW_MCLOTH0043,mcloth025
A,Golden Scale of the Dragon,NW_MCLOTH011,mcloth012,NW_MCLOTH0112,mcloth012
A,Tracker Arrow,NW_WAMMAR003,wammar004,NW_WAMMAR0032,wammar004
A,Lesser Acid Arrow,NW_WAMMAR003,wammar005,NW_WAMMAR0033,wammar005
A,Superb Acid Arrow,NW_WAMMAR003,wammar008,NW_WAMMAR0034,wammar008
A,Acidic Arrow,NW_WAMMAR003,wammar009,NW_WAMMAR0035,wammar009
A,Superb Acidic Arrow,NW_WAMMAR003,wammar010,NW_WAMMAR0036,wammar010
A,Lesser Blunt Arrow,NW_WAMMAR003,wammar011,NW_WAMMAR0037,wammar011
A,Lesser Ice Arrow,NW_WAMMAR003,wammar012,NW_WAMMAR0038,wammar012
A,Lesser Shock Arrow,NW_WAMMAR003,wammar013,NW_WAMMAR0039,wammar013
A,Lesser Piercing Arrow,NW_WAMMAR003,wammar014,NW_WAMMAR00310,wammar014
A,Lesser Slashing Arrow,NW_WAMMAR003,wammar015,NW_WAMMAR00311,wammar015
A,Lesser Sonic Arrow,NW_WAMMAR003,wammar016,NW_WAMMAR00312,wammar016
A,Lesser Dulled Arrow,NW_WAMMAR003,wammar017,NW_WAMMAR00313,wammar017
A,Lesser Cold Arrow,NW_WAMMAR003,wammar018,NW_WAMMAR00314,wammar018
A,Lesser Needle Arrow,NW_WAMMAR003,wammar019,NW_WAMMAR00315,wammar019
A,Lesser Electrical Arrow,NW_WAMMAR003,wammar020,NW_WAMMAR00316,wammar020
A,Lesser Slicing Arrow,NW_WAMMAR003,wammar021,NW_WAMMAR00317,wammar021
A,Lesser Banshee Arrow,NW_WAMMAR003,wammar022,NW_WAMMAR00318,wammar022
A,Acid Arrow,NW_WAMMAR003,wammar023,NW_WAMMAR00319,wammar023
A,Banshee Arrow,NW_WAMMAR003,wammar026,NW_WAMMAR00320,wammar026
A,Blunt Arrow,NW_WAMMAR003,wammar030,NW_WAMMAR00321,wammar030
A,Dulled Arrow,NW_WAMMAR003,wammar031,NW_WAMMAR00322,wammar031
A,Superb Blunt Arrow,NW_WAMMAR003,wammar035,NW_WAMMAR00323,wammar035
A,Superb Ice Arrow,NW_WAMMAR003,wammar036,NW_WAMMAR00324,wammar036
A,Superb Shock Arrow,NW_WAMMAR003,wammar037,NW_WAMMAR00325,wammar037
A,Legolas's Piercing Arrow,NW_WAMMAR003,wammar038,NW_WAMMAR00326,wammar038
A,Superb Slashing Arrow,NW_WAMMAR003,wammar039,NW_WAMMAR00327,wammar039
A,Superb Sonic Arrow,NW_WAMMAR003,wammar040,NW_WAMMAR00328,wammar040
A,Superb Banshee Arrow,NW_WAMMAR003,wammar041,NW_WAMMAR00329,wammar041
A,Superb Slicing Arrow,NW_WAMMAR003,wammar042,NW_WAMMAR00330,wammar042
A,Superb Electrical Arrow,NW_WAMMAR003,wammar043,NW_WAMMAR00331,wammar043
A,Superb Dulled Arrow,NW_WAMMAR003,wammar044,NW_WAMMAR00332,wammar044
A,Superb Needle Arrow,NW_WAMMAR003,wammar045,NW_WAMMAR00333,wammar045
A,Superb Cold Arrow,NW_WAMMAR003,wammar046,NW_WAMMAR00334,wammar046
A,Superb Acidic Arrow,NW_WAMMAR003,wammar049,NW_WAMMAR0036,wammar049
A,Mordor Slayers,NW_WAMMAR003fwewepic,wammar055,NW_WAMMAR003fwewepic2,wammar055
A,Ice Arrow,NW_WAMMAR005,wammar024,NW_WAMMAR0052,wammar024
A,Needle Arrow,NW_WAMMAR005,wammar027,NW_WAMMAR0053,wammar027
A,Piercing Arrow,NW_WAMMAR005,wammar028,NW_WAMMAR0054,wammar028
A,Cold Arrow,NW_WAMMAR005,wammar029,NW_WAMMAR0055,wammar029
A,Slashing Arrow,NW_WAMMAR005,wammar032,NW_WAMMAR0056,wammar032
A,Slicing Arrow,NW_WAMMAR005,wammar033,NW_WAMMAR0057,wammar033
A,Sonic Arrow,NW_WAMMAR005,wammar034,NW_WAMMAR0058,wammar034
A,Shock Arrow,NW_WAMMAR006,wammar007,NW_WAMMAR0062,wammar007
A,Electrical Arrow,NW_WAMMAR006,wammar025,NW_WAMMAR0063,wammar025
A,Epic Arwen Arrow,NW_WAMMAR006,wammar048,NW_WAMMAR0064,wammar048
A,Thunder Axe,NW_WAXGR001,waxgr002,NW_WAXGR0012,waxgr002
A,Thunder Clap Axe,NW_WAXGR001,waxgr003,NW_WAXGR0013,waxgr003
A,Stormblood Strider,NW_WAXMBT005,waxmbt008,NW_WAXMBT0052,waxmbt008
A,Axe of the Battle Dwarf,NW_WAXMBT005,waxmbt009,NW_WAXMBT0053,waxmbt009
A,Carrok Elite Flail,NW_WBLMFH011,wblmfh012,NW_WBLMFH0112,wblmfh012
A,Ice Queen Flail,NW_WBLMFH011,wblmfh013,NW_WBLMFH0113,wblmfh013
A,Tempest of Fifur,NW_WBLMML007,wblmml009,NW_WBLMML0072,wblmml009
A,wbwmln008,NW_WBWMLN007,wbwmln008,NW_WBWMLN0072,wbwmln008
A,wbwmln009,NW_WBWMLN007,wbwmln009,NW_WBWMLN0073,wbwmln009
A,Sword of the Ice Giant,NW_WDBMSW006,wdbmsw007,NW_WDBMSW0062,wdbmsw007
A,Stave of the Carroc Wizard,NW_WMGST005,wmgst006,NW_WMGST0052,wmgst006
A,Drider Staff of Power,NW_WMGST005,wmgst009,NW_WMGST0053,wmgst009
A,Acid Dribble,NW_WSPMKU006,wspmku011,NW_WSPMKU0062,wspmku011
A,Sword of the Elven Light,NW_WSWMKA011,wswmka012,NW_WSWMKA0112,wswmka012
A,Olorin's Gift,OlorinsGift,olorinsgift002,OlorinsGift2,olorinsgift002
A,Orc Plate +2,OrcPlate2,orcplate002,OrcPlate22,orcplate002
A,Orc Plate +5,OrcPlate2,orcplate003,OrcPlate23,orcplate003
A,Padded Armor +4,PaddedArmor4,paddedarmor004,PaddedArmor42,paddedarmor004
A,Poison Tipped Fang,PoisonTippedFang,poisontippedf002,PoisonTippedFang2,poisontippedf002
A,Ring of the Red Warrior,RingoftheRedWarrior,ringoftheredwarr,RingoftheRedWarrior2,ringoftheredwarr
A,UrukHai Captain Plate,rukaiCaptainPlate,battleplateof004,rukaiCaptainPlate2,battleplateof004
A,Alatar's Robes,SarumansRobes,cloth007,SarumansRobes2,cloth007
A,Sauron's Mask of Evil,SauronsMaskofEvil,item018,SauronsMaskofEvil2,item018
A,Sauron's Smite,SauronsSmite,item023,SauronsSmite2,item023
A,Scalemail +4,Scalemail4,scalemail004,ScaleMail42,scalemail004
A,Scimitar of the Marshall,ScimitaroftheMarshall,scimitar008,ScimitaroftheMarshall2,scimitar008
A,Scythe of the Reaper,ScytheoftheReaper,064,ScytheoftheReaper2,064
A,Shield of the Priest,ShieldofthePriest,shieldofthepries,ShieldofthePriest2,shieldofthepries
A,Shield of the Rohan,ShieldoftheRohan,shieldofthero003,ShieldoftheRohan2,shieldofthero003
A,Rogue Stalker,smeithy1,maarcl035,smeithy12,maarcl035
A,Spear of Destiny{EPIC},SpearofDistany,spearofdistan001,SpearofDistany2,spearofdistan001
A,Servant Stave,SpearofDistany,spearofdistan002,SpearofDistany3,spearofdistan002
A,Blue Staff of the Istari,StaffoftheIstari,staffoftheist001,StaffoftheIstari2,staffoftheist001
A,Epic Staff of the Istari,StaffoftheIstari,staffoftheist002,StaffoftheIstari3,staffoftheist002
A,Stash of Corruption,StashofCorruption,stashofcorrup002,StashofCorruption2,stashofcorrup002
A,Greater Flame Arrow,SuperbFlameArrow,superbflamear001,SuperbFlameArrow2,superbflamear001
A,Sun Arrow,SuperbFlameArrow,superbflamear002,SuperbFlameArrow3,superbflamear002
A,Greater Acid Arrow,SuperbFlameArrow,superbflamear003,SuperbFlameArrow4,superbflamear003
A,Greater Acidic Arrow,SuperbFlameArrow,superbflamear004,SuperbFlameArrow5,superbflamear004
A,Greater Blunt Arrow,SuperbFlameArrow,superbflamear005,SuperbFlameArrow6,superbflamear005
A,Greater Dulled Arrow,SuperbFlameArrow,superbflamear006,SuperbFlameArrow7,superbflamear006
A,Sword of the Shieldmaiden,SwordoftheShieldmaiden,swordoftheshield,SwordoftheShieldmaiden2,swordoftheshield
A,Ceremonial Blade Of Morannon {Epic},SwordofTheStewards,swordoftheste002,SwordofTheStewards2,swordoftheste002
A,Sword of The Stewards,SwordofTheStewards,swordofthestewar,SwordofTheStewards3,swordofthestewar
A,Sword of The Witch King,SwordofTheWitchKing,swordofthewitchk,SwordofTheWitchKing2,swordofthewitchk
A,Wraith of a Dead King,thebladeofthedead,thebladeofthe004,thebladeofthedead2,thebladeofthe004
A,The Epic Hand of Broc,TheHandofBroc,thehandofbroc001,TheHandofBroc2,thehandofbroc001
A,Theoden's Armor,TheodensArmor,theodensarmor002,TheodensArmor2,theodensarmor002
A,The Queen's Depair,TheQueensDepair,item051,TheQueensDepair2,item051
A,The Tongue of Smaug,TheTongueofSmaug,068,TheTongueofSmaug2,068
A,The Witch Kings Sword,TheWitchKingsSword,flameofudun002,TheWitchKingsSword2,flameofudun002
A,The Paladins Choice,TheWord,theword001,TheWord2,theword001
A,Toothpick EPIC,Toothpick,toothpick001,Toothpick2,toothpick001
A,The Undead's Heart,undeadheart,venison001,UndeadHeart2,venison001
A,Urukai Great Sword,UrukaiGreatSword,headsplitter001,UrukaiGreatSword2,headsplitter001
A,Urukai Slayer,UrukaiGreatSword,headsplitter003,UrukaiGreatSword3,headsplitter003
A,Urukai White Mask,UrukaiWhiteHand,019,UrukaiWhiteHand2,019
A,UrukHai White Hand,UrukaiWhiteHand,battleplateof007,UrukaiWhiteHand3,battleplateof007
A,Utriculating Hair Belt,UtriculatingHairBelt,utriculatinghair,UtriculatingHairBelt2,utriculatinghair
A,Warhammer of the Undermountain,WarhammeroftheUndermountain,warhammeroftheun,WarhammeroftheUndermountain2,warhammeroftheun
A,Whip of Fire (EPIC),WhipofFire,whipoffire001,WhipofFire2,whipoffire001
A,Epic Wilted Staff,WiltedStaff,wiltedstaff003,WiltedStaff2,wiltedstaff003
A,Wilted Touch {EPIC},WiltedTouch,wiltedtouch001,WiltedTouch2,wiltedtouch001
A,Witch King's Scythe,WitchKingsScythe,item126,WitchKingsScythe2,item126
A,it_mthnmisc009,X0_IT_MTHNMISC08,it_mthnmisc009,X0_IT_MTHNMISC082,it_mthnmisc009
A,Sarumon's Gift,X0_MAARCL012,024,X0_MAARCL0122,024
A,Shield of the Mage,X2_ASHMLW005,ashmlw006,X2_ASHMLW0052,ashmlw006
A,Bulwark of the Great White Dragon,X2_ASHMTO005,ashmto006,X2_ASHMTO0052,ashmto006
A,Trainer's Garb *blank*,x2_cus_trainersgarb,cus_shiftertu003,x2_cus_trainersgarb2,cus_shiftertu003
A,Ioun Stone: Scarlet and Blue,x2_is_sandblue,is_sandblue001,x2_is_sandblue2,is_sandblue001
A,it_cremumkat001,X2_IT_CREMUMKAT,it_cremumkat001,X2_IT_CREMUMKAT2,it_cremumkat001
A,H2O Elmental Claw Level 40,X2_IT_CREWPSP044,it_crewpsp045,X2_IT_CREWPSP0442,it_crewpsp045
A,Amulet of Wisdom +10,X2_IT_MNECK020,it_mneck021,X2_IT_MNECK0202,it_mneck021
A,Ring of Minor Sonic Resistance,X2_IT_MRING005,it_mring007,X2_IT_MRING0052,it_mring007
A,Beast Tamer,X2_IT_WPMWHIP_H,it_wpmwhip_h001,X2_IT_WPMWHIP_H2,it_wpmwhip_h001
A,Leather of War Dancer,X2_MAARCL027,maarcl028,X2_MAARCL0272,maarcl028
A,Soulkeepers Robes,X2_MDROWAR028,mdrowar029,X2_MDROWAR0282,mdrowar029
A,Soulkeepers Robes,X2_MDROWAR028,mdrowar031,X2_MDROWAR0282,mdrowar031
A,Soulkeepers Robes,X2_MDROWAR028,mdrowar032,X2_MDROWAR0282,mdrowar032
A,Soulkeepers Robes,X2_MDROWAR028,mdrowar034,X2_MDROWAR0283,mdrowar034
A,wswmdg007,X2_WSWMDG006,wswmdg007,X2_WSWMDG0062,wswmdg007
A,Theodore's Robe UNDROPPABLE,ZEP_ARABIAN,zep_arabian011,ZEP_ARABIAN2,zep_arabian011
A,Theodore's Robe,ZEP_ARABIAN,zep_arabian012,ZEP_ARABIAN3,zep_arabian012
B,Fine Dwarven Tower Shield,AdamantiteTowerShield,adamantitetow001,AdamantiteTowerShield3,adamantitetow002
B,Fine Dwarven Tower Shield,AdamantiteTowerShield,adamantitetow001,AdamantiteTowerShield4,adamantitetow003
B,Amulet of the Orc,AmuletoftheOrc,020,AmuletoftheOrc2,0202
B,Armor of Invulnerablity,ArmorofInvulnerablity,armorofinvuln002,ArmorofInvulnerablity2,armorofinvuln003
B,Armor of the Avatar,ArmoroftheAvatar,armoroftheavatar,ArmoroftheAvatar2,armoroftheavata2
B,Arrow of Menace,ArrowofMenace,arrowofmenace,ArrowofMenace2,arrowofmenace2
B,Arrow of Thranduil,ArrowofThranduil,arrowofthranduil,ArrowofThranduil2,arrowofthrandui2
B,Arrows of Legolas,ArrowsofLegolas,arrowsoflegolas,ArrowsofLegolas2,arrowsoflegolas2
B,Axe of the Red Dragon,AxeoftheRedDragon,axeofthereddrago,AxeoftheRedDragon2,axeofthereddrag2
B,Axe of the Warrior Orc,AxeoftheWarriorOrc,axeofthewarrioro,AxeoftheWarriorOrc2,axeofthewarrior2
B,Axe of the Warrior Orc,AxeoftheWarriorOrc,axeofthewarrioro,AxeoftheWarriorOrc3,axeofthewarrior3
B,Battle Mountain Helm,BattleMountainHelm,battlemountainhe,BattleMountainHelm2,battlemountainh2
B,Urukai Squad Leader Plate,BattlePlateofPain,battleplateof003,BattlePlateofPain3,battleplateof012
B,Battle Plate of the Marshall,BattlePlateoftheChosen,battleplateof009,BattlePlateoftheChosen5,battleplateof013
B,Belt of Dwarvenkind,BeltofDwarvenkind,beltofdwarvenkin,BeltofDwarvenkind2,beltofdwarvenki2
B,Belt of Sorcerery,BeltofSorcerery,beltofsorcerery,BeltofSorcerery2,beltofsorcerery2
B,Blackheart Sinister,BlackheartSinister,vindlesdarkgold,BlackheartSinister2,vindlesdarkgold2
B,Shield of the Dark Priestess,BlackNumenorianPriestess,shieldofthefa001,BlackNumenorianPriestess2,shieldofthefa002
B,Boots of Repulsion,BootsofRepulsion,bootsofrepulsion,BootsofRepulsion2,bootsofrepulsio2
B,Bow of the Protector,BowoftheProtector,bowoftheprotecto,BowoftheProtector3,bowoftheprotect2
B,Bracers of the Dwarven Protector,BracersoftheDwarvenProtector,bracersofthedwar,BracersoftheDwarvenProtector3,bracersofthedwa2
B,Cloak of Kings,CloakofKings,cloakofkings,CloakofKings3,cloakofkings2
B,Cloak of the Unseen,CloakoftheUnseen,cloakoftheunseen,CloakoftheUnseen2,cloakoftheunsee2
B,Darkglow,darkglow,dgloww001,darkglow2,dgloww0012
B,Dark Touch,DarkTouch,test,DarkTouch2,test2
B,Deadly Caress,DeadlyCaress,deadlycaress,DeadlyCaress2,deadlycaress2
B,Death Dealer,DeathDealer,deathdealer,DeathDealer2,deathdealer2
B,Deathspade,Deathspade,deathspade,Deathspade2,deathspade2
B,Dwarven Battle Field Armor,DwarvenBattleFieldArmor,dwarvenbattlefie,DwarvenBattleFieldArmor3,dwarvenbattlefi2
B,Dwarven Platemail +2,DwarvenPlatemail2,dwarvenplatem002,DwarvenPlatemail22,dwarvenplatem003
B,Easterling Launcher,EasterlingLauncher,easterlinglaunch,EasterlingLauncher2,easterlinglaunc2
B,Farmers' Bow,FarmersBow,item105,FarmersBow2,item1052
B,Felloak,Felloak,felloak,Felloak2,felloak2
B,Felloak,Felloak,felloak,Felloak3,felloak3
B,Flail of War,FlailofWar,flailofwar,FlailofWar2,flailofwar2
B,Plate of the Dwarven Cleric,FullPlate4,fullplate005,FullPlate44,fullplate0052
B,Fury of the Valar ,FuryoftheValar,furyofthevala001,FuryoftheValar3,furyofthevala002
B,Tournament Glamhring,glamhring3ObisS7oword,item093,glamhring3ObisS7oword2,item0932
B,Gondorian Light Armor,GondorianLightArmor,gondorianlightar,GondorianLightArmor2,gondorianlighta2
B,Gondorian Plate,GondorianPlate,gondorianplate,GondorianPlate2,gondorianplate2
B,Greater Fire Arrows,GreaterFireArrows,greaterfirearrow,GreaterFireArrows12,greaterfirearro2
B,Greatsword of the Warlord,GreatswordoftheWarlord,greatswordofthew,GreatswordoftheWarlord2,greatswordofthe2
B,Halberd of the Rohir,Halberd4,halberd005,Halberd43,halberd0052
B,Hardened Leather +4,HardenedLeather4,hardenedleath004,HardenedLeather42,hardenedleath005
B,Head Chopper,HeadChopper,headchopper,HeadChopper2,headchopper2
B,Heavy Crossbow +5,HeavyCrossbow5,heavycrossbow5,HeavyCrossbow52,heavycrossbow52
B,Helm of the High Cleric,HelmoftheHighCleric,helmofthehighcle,HelmoftheHighCleric2,helmofthehighcl2
B,Helm of the Marshall,HelmoftheMarshall,helmofthewarl003,HelmoftheMarshall2,helmofthewarl005
B,Helm of the Marshall,HelmoftheMarshall,helmofthewarl003,HelmoftheMarshall3,helmofthewarl006
B,Helm of the Orc Hewer,HelmoftheOrcBrute,helmoftheorcb001,HelmoftheOrcBrute3,helmoftheorcb002
B,Helm of the Orc Hewer,HelmoftheOrcBrute,helmoftheorcb001,HelmoftheOrcBrute5,helmoftheorcb003
B,Helm of the Orc Brute,HelmoftheOrcBrute,helmoftheorcbrut,HelmoftheOrcBrute4,helmoftheorcbru2
B,Thudshot Arrow,InfernoArrows,infernoarrows002,InfernoArrows13,infernoarrows013
B,White Noise Arrow,InfernoArrows,infernoarrows012,InfernoArrows14,infernoarrows014
B,Kama +5,Kama5,kama5,Kama52,kama52
B,Khamûl's Enslavement,KhamlsEnslavement,item100,KhamlsEnslavement2,item1002
B,Lake's Defense,LakesDefense,item003,LakesDefense2,item0032
B,Greater Helm of Battle,lesserhelmofb002,lesserhelmofb002,lesserhelmofb0023,lesserhelmofb004
B,Elder Robe of the Stone Hand,lesserrobeoft003,lesserrobeoft003,lesserrobeoft0033,lesserrobeoft005
B,Greater Steelwood longbow,lessersteelwo004,lessersteelwo004,lessersteelwo0042,lessersteelwo005
B,Longbow of Death,LongbowofDeath,longbowofdeath,LongbowofDeath2,longbowofdeath2
B,Longbow of The Deep,LongbowofTheDeep,006,LongbowofTheDeep2,0062
B,Longsword of the Mordor Orc,LongswordoftheMordorOrc,longswordofthemo,LongswordoftheMordorOrc2,longswordofthem2
B,Luck of Gods,LuckofGods,luckofgods,LuckofGods2,luckofgods2
B,Mace of Dwarf Foe,MaceofDwarfFoe,maceofdwarffoe,MaceofDwarfFoe2,maceofdwarffoe2
B,Mace of the Dark Priestess,MaceoftheDarkPriestess,maceofthedarkpri,MaceoftheDarkPriestess2,maceofthedarkpr2
B,Magefist,Magefist,magefist,Magefist2,magefist2
B,Mage's Right Hand,MagesRightHand,magesrighthand,MagesRightHand2,magesrighthand2
B,Mordor Bowman Armor,MordorBowmanArmor,mordorbowmanarmo,MordorBowmanArmor3,mordorbowmanarm2
B,Mordor Orc Plate,MordorOrcPlate,mordororcplate,MordorOrcPlate2,mordororcplate2
B,Mordor Orc Tower Shield,MordorOrcTowerShield,mordororctowersh,MordorOrcTowerShield3,mordororctowers2
B,Mordor Orc Tower Shield,MordorOrcTowerShield,mordororctowersh,MordorOrcTowerShield4,mordororctowers3
B,Thieves' Hood,NW_ARMHE007,nw_armhe007,NW_ARMHE0073,nw_armhe0072
B,nw_ashmlw003,NW_ASHMLW003,nw_ashmlw003,NW_ASHMLW0034,nw_ashmlw0032
B,Gloves of the Stone Heart,nw_it_mglove010,it_mglove011,nw_it_mglove0104,it_mglove0112
B,nw_it_mmidmisc01,NW_IT_MMIDMISC01,nw_it_mmidmisc01,NW_IT_MMIDMISC012,nw_it_mmidmisc04
B,nw_it_mmidmisc01,NW_IT_MMIDMISC01,nw_it_mmidmisc01,NW_IT_MMIDMISC013,nw_it_mmidmisc05
B,nw_it_mmidmisc02,NW_IT_MMIDMISC02,nw_it_mmidmisc02,NW_IT_MMIDMISC022,nw_it_mmidmisc06
B,nw_it_mmidmisc02,NW_IT_MMIDMISC02,nw_it_mmidmisc02,NW_IT_MMIDMISC023,nw_it_mmidmisc07
B,nw_it_mmidmisc03,NW_IT_MMIDMISC03,nw_it_mmidmisc03,NW_IT_MMIDMISC032,nw_it_mmidmisc08
B,nw_it_mmidmisc03,NW_IT_MMIDMISC03,nw_it_mmidmisc03,NW_IT_MMIDMISC033,nw_it_mmidmisc09
B,nw_it_sparscr102,NW_IT_SPARSCR102,nw_it_sparscr102,NW_IT_SPARSCR1022,nw_it_sparscr112
B,nw_it_sparscr102,NW_IT_SPARSCR102,nw_it_sparscr102,NW_IT_SPARSCR1023,nw_it_sparscr113
B,nw_it_sparscr105,NW_IT_SPARSCR105,nw_it_sparscr105,NW_IT_SPARSCR1052,nw_it_sparscr114
B,nw_it_sparscr105,NW_IT_SPARSCR105,nw_it_sparscr105,NW_IT_SPARSCR1053,nw_it_sparscr115
B,nw_it_sparscr108,NW_IT_SPARSCR108,nw_it_sparscr108,NW_IT_SPARSCR1082,nw_it_sparscr116
B,nw_it_sparscr108,NW_IT_SPARSCR108,nw_it_sparscr108,NW_IT_SPARSCR1083,nw_it_sparscr117
B,nw_it_sparscr301,NW_IT_SPARSCR301,nw_it_sparscr301,NW_IT_SPARSCR3012,nw_it_sparscr315
B,nw_it_sparscr301,NW_IT_SPARSCR301,nw_it_sparscr301,NW_IT_SPARSCR3013,nw_it_sparscr316
B,nw_it_sparscr303,NW_IT_SPARSCR303,nw_it_sparscr303,NW_IT_SPARSCR3032,nw_it_sparscr317
B,nw_it_sparscr303,NW_IT_SPARSCR303,nw_it_sparscr303,NW_IT_SPARSCR3033,nw_it_sparscr318
B,nw_it_sparscr306,NW_IT_SPARSCR306,nw_it_sparscr306,NW_IT_SPARSCR3062,nw_it_sparscr319
B,nw_it_sparscr306,NW_IT_SPARSCR306,nw_it_sparscr306,NW_IT_SPARSCR3063,nw_it_sparscr320
B,nw_it_sparscr404,NW_IT_SPARSCR404,nw_it_sparscr404,NW_IT_SPARSCR4042,nw_it_sparscr406
B,nw_it_sparscr404,NW_IT_SPARSCR404,nw_it_sparscr404,NW_IT_SPARSCR4043,nw_it_sparscr412
B,nw_it_sparscr605,NW_IT_SPARSCR605,nw_it_sparscr605,NW_IT_SPARSCR6052,nw_it_sparscr602
B,nw_it_sparscr605,NW_IT_SPARSCR605,nw_it_sparscr605,NW_IT_SPARSCR6053,nw_it_sparscr606
B,nw_it_sparscr613,NW_IT_SPARSCR613,nw_it_sparscr613,NW_IT_SPARSCR6132,nw_it_sparscr612
B,nw_it_sparscr613,NW_IT_SPARSCR613,nw_it_sparscr613,NW_IT_SPARSCR6133,nw_it_sparscr615
B,nw_it_sparscr705,NW_IT_SPARSCR705,nw_it_sparscr705,NW_IT_SPARSCR7052,nw_it_sparscr702
B,nw_it_sparscr705,NW_IT_SPARSCR705,nw_it_sparscr705,NW_IT_SPARSCR7053,nw_it_sparscr709
B,nw_it_sparscr805,NW_IT_SPARSCR805,nw_it_sparscr805,NW_IT_SPARSCR8052,nw_it_sparscr806
B,nw_it_sparscr805,NW_IT_SPARSCR805,nw_it_sparscr805,NW_IT_SPARSCR8053,nw_it_sparscr810
B,nw_it_sparscr808,NW_IT_SPARSCR808,nw_it_sparscr808,NW_IT_SPARSCR8082,nw_it_sparscr811
B,nw_it_sparscr808,NW_IT_SPARSCR808,nw_it_sparscr808,NW_IT_SPARSCR8083,nw_it_sparscr812
B,nw_it_sparscr904,NW_IT_SPARSCR904,nw_it_sparscr904,NW_IT_SPARSCR9042,nw_it_sparscr906
B,nw_it_sparscr904,NW_IT_SPARSCR904,nw_it_sparscr904,NW_IT_SPARSCR9043,nw_it_sparscr909
B,nw_it_sparscr908,NW_IT_SPARSCR908,nw_it_sparscr908,NW_IT_SPARSCR9082,nw_it_sparscr913
B,nw_it_sparscr908,NW_IT_SPARSCR908,nw_it_sparscr908,NW_IT_SPARSCR9083,nw_it_sparscr914
B,nw_it_mbelt006,NW_ITEM_000,nw_it_mbelt006,NW_ITEM_0004,nw_it_mbelt0062
B,nw_maarcl018,NW_MAARCL018,nw_maarcl018,NW_MAARCL0183,nw_maarcl0182
B,nw_maarcl022,NW_MAARCL022,nw_maarcl022,NW_MAARCL0226,nw_maarcl0222
B,nw_maarcl039,NW_MAARCL039,nw_maarcl039,NW_MAARCL0393,nw_maarcl0392
B,nw_maarcl068,NW_MAARCL068,nw_maarcl068,NW_MAARCL0684,nw_maarcl0682
B,nw_maarcl080,NW_MAARCL080,nw_maarcl080,NW_MAARCL0803,nw_maarcl0802
B,Lesser Acidic Arrow,NW_WAMMAR003,wammar004,NW_WAMMAR00336,wammar0042
B,Superb Piercing Arrow,NW_WAMMAR003,wammar038,NW_WAMMAR00335,wammar0382
B,nw_wammbo002,NW_WAMMBO002,nw_wammbo002,NW_WAMMBO0022,nw_wammbo0022
B,nw_wammbo002,NW_WAMMBO002,nw_wammbo002,NW_WAMMBO0023,nw_wammbo0023
B,nw_waxmbt005,NW_WAXMBT005,nw_waxmbt005,NW_WAXMBT0055,nw_waxmbt0052
B,Axe of the Battle Dwarf,NW_WAXMBT005,waxmbt009,NW_WAXMBT0054,waxmbt0092
B,nw_wblmfh011,NW_WBLMFH011,nw_wblmfh011,NW_WBLMFH0114,nw_wblmfh0112
B,wbwmln008,NW_WBWMLN007,wbwmln008,NW_WBWMLN0074,wbwmln0082
B,nw_wdbmsw006,NW_WDBMSW006,nw_wdbmsw006,NW_WDBMSW0063,nw_wdbmsw0062
B,nw_wmgmrd002,NW_WMGMRD002,nw_wmgmrd002,NW_WMGMRD0023,nw_wmgmrd0022
B,wmgmrd003,NW_WMGMRD002,wmgmrd003,NW_WMGMRD0022,wmgmrd0032
B,Rod of Resurrection,NW_WMGMRD002,wmgmrd003,NW_WMGMRD0024,wmgmrd0033
B,Númenor Scythe,NW_WPLSC001,wplsc002,NW_WPLSC0012,wplsc0022
B,nw_wspmku006,NW_WSPMKU006,nw_wspmku006,NW_WSPMKU0063,nw_wspmku0062
B,nw_wswmka011,NW_WSWMKA011,nw_wswmka011,NW_WSWMKA0113,nw_wswmka0112
B,nw_wthmdt002,NW_WTHMDT002,nw_wthmdt002,NW_WTHMDT0022,nw_wthmdt0022
B,nw_wthmdt002,NW_WTHMDT002,nw_wthmdt002,NW_WTHMDT0023,nw_wthmdt0023
B,Orc Plate +5,OrcPlate2,orcplate003,OrcPlate24,orcplate0032
B,Orc Quivers,OrcQuivers,orcquivers,OrcQuivers2,orcquivers2
B,Orc Seeker,OrcSeeker,orcseeker,OrcSeeker2,orcseeker2
B,Orc Soldiers Helm,OrcSoldiersHelm,orcsoldiershelm,OrcSoldiersHelm2,orcsoldiershelm2
B,Orc Warrior Helm,OrcWarriorHelm,orcwarriorhelm,OrcWarriorHelm2,orcwarriorhelm2
B,Pixie Arrow,PixieArrow,pixiearrow,PixieArrow2,pixiearrow2
B,Rakescar,Rakescar,rakescar,Rakescar2,rakescar2
B,Ring of Speed and Magic Defenses,RingofSpeedandMagicDefenses,018,RingofSpeedandMagicDefenses2,0182
B,Robe of the White Order,RobeoftheBlackOrder,robeoftheblac001,RobeoftheBlackOrder3,robeoftheblac003
B,Robe of the Brown Order,RobeoftheBlackOrder,robeoftheblac002,RobeoftheBlackOrder4,robeoftheblac004
B,Robe of the Blue Order,RobeoftheBlackOrder,robeoftheblac002,RobeoftheBlackOrder5,robeoftheblac005
B,Robe of the Black Order,RobeoftheBlackOrder,robeoftheblackor,RobeoftheBlackOrder2,robeoftheblacko2
B,Urukai Captain Plate,rukaiCaptainPlate,battleplateof004,rukaiCaptainPlate3,battleplateof014
B,Rune Hammer +5,RuneHammer5,runehammer5,RuneHammer52,runehammer52
B,Sash of the White Hand,SashoftheWhiteHand,sashofthewhiteha,SashoftheWhiteHand2,sashofthewhiteh2
B,Scarab Protector,ScarabProtector,scarabprotector,ScarabProtector2,scarabprotector2
B,Scimitar of the Quick,ScimitaroftheQuick,scimitarofthequi,ScimitaroftheQuick2,scimitarofthequ2
B,Serpents Staff,SerpentsStaff,serpentsstaff,SerpentsStaff2,serpentsstaff2
B,Skull Splitter,SkullSplitter,skullsplitter,SkullSplitter2,skullsplitter2
B,Slice of Death,SliceofDeath,kukri051,SliceofDeath2,kukri0512
B,Spear of the Ridermark,SpearoftheRidermark,spearoftheroh001,SpearoftheRidermark3,spearoftheroh002
B,Spear of the Ridermark,SpearoftheRidermark,spearoftheroh004,SpearoftheRidermark4,spearoftheroh005
B,Staff of the Orc Shaman,StaffoftheOrcShaman,staffoftheorcsha,StaffoftheOrcShaman2,staffoftheorcsh2
B,Superb Acidic Bolt,SuperbAcidicBolt,superbacidicbolt,SuperbAcidicBolt2,superbacidicbol2
B,Sure-Strike Longbow,SureStrikeLongbow,surestrikelongbo,SureStrikeLongbow2,surestrikelongb2
B,Tearhuanch,Tearhuanch,tearhuanch,Tearhuanch2,tearhuanch2
B,Tearhuanch,Tearhuanch,tearhuanch,Tearhuanch3,tearhuanch3
B,The Face of Terror,TheFaceofTerror,thefaceofterror,TheFaceofTerror2,thefaceofterror2
B,The Gnasher,TheGnasher,thegnasher,TheGnasher2,thegnasher2
B,The Gutter,TheGutter,thegutter,TheGutter2,thegutter2
B,The Hand of Broc,TheHandofBroc,thehandofbroc,TheHandofBroc3,thehandofbroc2
B,The Seven Stars of Durin,TheSevenStarsofDurin,thesevenstarsofd,TheSevenStarsofDurin2,thesevenstarsof2
B,The Thief Catcher ,TheThiefCatchertyty,thethiefcatch001,TheThiefCatchertyty2,thethiefcatch002
B,Tournament Dagger,TournamentDagger,tournamentdagger,TournamentDagger2,tournamentdagge2
B,Tournament Gauntlets,TournamentGauntlet,tournamentgauntl,TournamentGauntlet2,tournamentgaunt2
B,Tournament Great Sword,TournamentGreatSword,tournamentgreats,TournamentGreatSword2,tournamentgreat2
B,Tournament Short Sword,TournamentShortSword,tournamentshorts,TournamentShortSword2,tournamentshort2
B,Urukai Captains Helm,UrukaiCaptainsHelm,helmofthewarl001,UrukaiCaptainsHelm2,helmofthewarl007
B,Black Numenorian Slasher,UrukaiGreatSword,headsplitter002,UrukaiGreatSword4,headsplitter0022
B,Urukai Plate,urukaiplate,battleplateof001,urukaiplate2,battleplateof015
B,UrukHai Trooper Plate,urukaiplatet,battleplateof002,urukaiplatet2,battleplateof016
B,Warhammer of the Life Sapper,WarhammeroftheUndermountain,warhammerofth001,WarhammeroftheUndermountain3,warhammerofth002
B,Wave +4,Wave4,wave4,Wave42,wave42
B,White Fur Lined Slippers,WhiteFurLinedSlippers,whitefurlinedsli,WhiteFurLinedSlippers2,whitefurlinedsl2
B,Wizard's Wrap,WizardsWrap,item009,WizardsWrap2,item0092
B,Woodland Wasp,WoodlandWasp,woodlandwasp,WoodlandWasp2,woodlandwasp2
B,x0_it_mthnmisc08,X0_IT_MTHNMISC08,x0_it_mthnmisc08,X0_IT_MTHNMISC083,x0_it_mthnmisc02
B,x0_maarcl012,X0_MAARCL012,x0_maarcl012,X0_MAARCL0123,x0_maarcl0122
B,x2_ashmlw005,X2_ASHMLW005,x2_ashmlw005,X2_ASHMLW0053,x2_ashmlw0052
B,x2_ashmto005,X2_ASHMTO005,x2_ashmto005,X2_ASHMTO0053,x2_ashmto0052
B,x2_cus_fletchers,x2_cus_fletchersfriend,x2_cus_fletchers,x2_cus_fletchersfriend2,x2_cus_fletcher2
B,x2_cus_fletchers,x2_cus_fletchersfriend,x2_cus_fletchers,x2_cus_fletchersfriend3,x2_cus_fletcher3
B,x2_is_sandblue,x2_is_sandblue,x2_is_sandblue,x2_is_sandblue3,x2_is_sandblue2
B,it_cremumkat001,X2_IT_CREMUMKAT,it_cremumkat001,X2_IT_CREMUMKAT3,it_cremumkat0012
B,x2_it_crewpwhip2,X2_IT_CREWPWHIP2,x2_it_crewpwhip2,X2_IT_CREWPWHIP22,x2_it_crewpwhip3
B,x2_it_crewpwhip2,X2_IT_CREWPWHIP2,x2_it_crewpwhip2,X2_IT_CREWPWHIP23,x2_it_crewpwhip4
B,x2_it_mbelt001,X2_IT_MBELT001,x2_it_mbelt001,X2_IT_MBELT0012,x2_it_mbelt0012
B,x2_it_mbelt001,X2_IT_MBELT001,x2_it_mbelt001,X2_IT_MBELT0013,x2_it_mbelt0013
B,x2_it_mcloak009,X2_IT_MCLOAK009,x2_it_mcloak009,X2_IT_MCLOAK0093,x2_it_mcloak0092
B,x2_it_mglove010,X2_IT_MGLOVE010,x2_it_mglove010,X2_IT_MGLOVE0102,x2_it_mglove0102
B,x2_it_mglove010,X2_IT_MGLOVE010,x2_it_mglove010,X2_IT_MGLOVE0103,x2_it_mglove0103
B,x2_it_mglove015,X2_IT_MGLOVE015,x2_it_mglove015,X2_IT_MGLOVE0152,x2_it_mglove0152
B,x2_it_mglove015,X2_IT_MGLOVE015,x2_it_mglove015,X2_IT_MGLOVE0153,x2_it_mglove0153
B,x2_it_mneck020,X2_IT_MNECK020,x2_it_mneck020,X2_IT_MNECK0203,x2_it_mneck0202
B,x2_it_mring019,X2_IT_MRING019,x2_it_mring019,X2_IT_MRING0193,x2_it_mring0192
B,x2_it_wpmwhip_h,X2_IT_WPMWHIP_H,x2_it_wpmwhip_h,X2_IT_WPMWHIP_H3,x2_it_wpmwhip_h2
B,x2_maarcl027,X2_MAARCL027,x2_maarcl027,X2_MAARCL0273,x2_maarcl0272
B,x2_c3_maarcl037,X2_MAARCL037,x2_c3_maarcl037,X2_MAARCL0372,x2_c3_maarcl0372
B,x2_maarcl037,X2_MAARCL037,x2_maarcl037,X2_MAARCL0373,x2_maarcl0372
B,x2_mcloth002,X2_MCLOTH002,x2_mcloth002,X2_MCLOTH0022,x2_mcloth0022
B,x2_mcloth002,X2_MCLOTH002,x2_mcloth002,X2_MCLOTH0023,x2_mcloth0023
B,x2_mdrowar028,X2_MDROWAR028,x2_mdrowar028,X2_MDROWAR0284,x2_mdrowar0282
B,Sentinel +6,X2_WAXMBT005,x2_waxmbt005,X2_WAXMBT0052,x2_waxmbt0052
B,x2_waxmbt005,X2_WAXMBT005,x2_waxmbt005,X2_WAXMBT0053,x2_waxmbt0053
B,Ice Reaver +6,X2_WAXMHN005,x2_waxmhn005,X2_WAXMHN0052,x2_waxmhn0052
B,x2_waxmhn005,X2_WAXMHN005,x2_waxmhn005,X2_WAXMHN0053,x2_waxmhn0053
B,x2_wmdwraxe009,X2_WMDWRAXE009,x2_wmdwraxe009,X2_WMDWRAXE0092,x2_wmdwraxe0092
B,x2_wmdwraxe009,X2_WMDWRAXE009,x2_wmdwraxe009,X2_WMDWRAXE0093,x2_wmdwraxe0093
B,x2_wswmdg006,X2_WSWMDG006,x2_wswmdg006,X2_WSWMDG0063,x2_wswmdg0062
G,Dark Half Plate,NW_AARCL006,aarcl007,NW_AARCL0062,aarcl007
G,The Robes of Galadriel,NW_CLOTH008,cloth009,NW_CLOTH0082,cloth009
G,Leather of Shadows,NW_CLOTH026,cloth028,NW_CLOTH0262,cloth028
G,Calrog of Moria,NW_IT_CREITEM020,it_creitem021,NW_IT_CREITEM0202,it_creitem021
G,great giant spider Properties,NW_IT_CREITEM023,it_creitem024,NW_IT_CREITEM0232,it_creitem024
G,it_creitemune001,NW_IT_CREITEMUNE,it_creitemune001,NW_IT_CREITEMUNE2,it_creitemune001
G,it_crewps007,NW_IT_CREWPS006,it_crewps007,NW_IT_CREWPS0062,it_crewps007
G,it_crewps019,NW_IT_CREWPS018,it_crewps019,NW_IT_CREWPS0182,it_crewps019
G,Balrog's Battle Claw,NW_IT_CREWPSP021,it_crewpsp022,NW_IT_CREWPSP0212,it_crewpsp022
G,Arrow,NW_WAMAR001,wamar002,NW_WAMAR0012,wamar002
G,Axe of the Battle Master,NW_WAXBT001,waxbt002,NW_WAXBT0012,waxbt002
G,it_mboots005,X0_IT_MBOOTS004,it_mboots005,X0_IT_MBOOTS0042,it_mboots005
G,Mazguls Claw,x2_it_crewp_drac,it_crewp_drac001,x2_it_crewp_drac2,it_crewp_drac001
R,Armor of Invulnerablity,ArmorofInvulnerablity,armorofinvulnera,ArmorofInvulnerablity2,armorofinvuln003
R,Battle Plate of the Chosen,BattlePlateoftheChosen,battleplateof008,BattlePlateoftheChosen4,battleplateofthc
R,Nightsmoke,Nightsmoke,nightsmoke,Nightsmoke2,nightsmoke002
R,nw_it_mring004,NW_IT_MRING004,nw_it_mring004,NW_IT_MRING0042,it_mring008
R,nw_wammar003,NW_WAMMAR003,nw_wammar003,NW_WAMMAR00319,wammar023
R,nw_wammar005,NW_WAMMAR005,nw_wammar005,NW_WAMMAR0052,wammar024
R,nw_wbwmln007,NW_WBWMLN007,nw_wbwmln007,NW_WBWMLN0073,wbwmln009
R,Ring of the Red Warrior,RingoftheRedWarrior,008,RingoftheRedWarrior,040
R,Staff of the Istari,StaffoftheIstari,staffoftheistari,StaffoftheIstari2,staffoftheist001
R,Urukai White Mask,UrukaiWhiteHand,helmofthewarl002,UrukaiWhiteHand2,019
R,x2_it_cremumkat,X2_IT_CREMUMKAT,x2_it_cremumkat,X2_IT_CREMUMKAT2,it_cremumkat001
T,Amulet of Divine Faith,AmuletofDivineFaith,amuletofdivinefa,AmuletofDivineFaith2,amuletofdivinefa
T,Amulet of Sight and Protection,AmuletOfSightAndProtection,amuletofsight001,AmuletOfSightAndProtection2,amuletofsight001
T,Amulet Of Sight And Protection,AmuletOfSightAndProtection,amuletofsight001,AmuletOfSightAndProtection3,amuletofsight001
T,Arrow of the Argent Defender,ArrowoftheArgentDefender,arrowoftheargent,ArrowoftheArgentDefender2,arrowoftheargent
T,Balrog Skin,BalrogSkin,balrogskin,BalrogSkin3,balrogskin
T,White Hand Protectorate,BattlePlateoftheChosen,battleplateof010,BattlePlateoftheChosen6,battleplateof010
T,White Hand Protectorate,BattlePlateoftheChosen,battleplateof010,BattlePlateoftheChosen7,battleplateof010
T,Belt of Dark Warding,BeltofDarkWarding,beltofdarkwardin,BeltofDarkWarding3,beltofdarkwardin
T,Belt of Dark Warding,BeltofDarkWarding,beltofdarkwardin,BeltofDarkWarding4,beltofdarkwardin
T,Shafts of Helm,BoltsofHelm,010,BoltsofHelm2,010
T,Boss Immune to Stone Ring,BossImmunetoStoneRing,044,BossImmunetoStoneRing2,044
T,Boss Immune to Stone Ring,BossImmunetoStoneRing,044,BossImmunetoStoneRing,044
T,Bow of the Galadhrim,BowoftheGaladhrim,bowofthegaladhri,BowoftheGaladhrim2,bowofthegaladhri
T,Bow of the Protector,BowoftheProtector,bowoftheprotecto,BowoftheProtector2,bowoftheprotecto
T,Bracers of the Dwarven Protector,BracersoftheDwarvenProtector,bracersofthedwar,BracersoftheDwarvenProtector2,bracersofthedwar
T,celeborns garb,celebornsgarb,celebornsgarb,celebornsgarb6,celebornsgarb
T,Crittable guard skin,celebornsgarb,celebornsgarb,celebornsgarb7,celebornsgarb
T,NPC garb **weaker,celebornsgarb,celebornsgarb003,celebornsgarb5,celebornsgarb003
T,chosen fist,chosenfist,chosenfist,chosenfist3,chosenfist
T,Cloak Of Fortification+5,CloakOfFortification5,cloakoffortif001,CloakOfFortification54,cloakoffortif001
T,Cloak of Fortification +5,CloakOfFortification5,cloakoffortif001,CloakOfFortification55,cloakoffortif001
T,Cloak of Kings,CloakofKings,cloakofkings,CloakofKings2,cloakofkings
T,Cloak of the Bard,CloakoftheBard,cloakofthebard,CloakoftheBard2,cloakofthebard
T,Crossbow of the Defender,CrossbowoftheDefender,crossbowofthedef,CrossbowoftheDefender2,crossbowofthedef
T,Dagger of the Stars +5,DaggeroftheStars5,daggerofthest001,DaggeroftheStars52,daggerofthest001
T,Dol-Guldur Armor,DolGuldurArmour,item043,DolGuldurArmour2,item043
T,Dol-Guldur Blade,DolGuldurBlade,item047,DolGuldurBlade2,item047
T,Dol-Guldur Helm,DolGuldurHelm,item045,DolGuldurHelm2,item045
T,Dol-Guldur Tower Shield,DolGuldurTowerShield,item044,DolGuldurTowerShield2,item044
T,Drider Banded Mail ,driderbandedmail,maarcl045,driderbandedmail2,maarcl045
T,Elder Robes of the Enabled Hand,ElderRobesoftheEnabledHand,elderrobesofthee,ElderRobesoftheEnabledHand2,elderrobesofthee
T,Greater Gondorian Plate,EpicGondorianPlate,gondorianplat001,EpicGondorianPlate3,gondorianplat001
T,Plate of the Dwarven Cleric,FullPlate4,fullplate005,FullPlate43,fullplate005
T,Fury of the Valar (NPC),FuryoftheValar,furyofthevalar,FuryoftheValar2,furyofthevalar
T,Gondorian Robes,GondorianRobes,gondorianrobes,GondorianRobes2,gondorianrobes
T,Helm of the Elite Rohirrim Soldier,HelmoftheElites,helmoftheriderma,HelmoftheElites2,helmoftheriderma
T,Hide of the Forest Spirit,HideoftheForestSpirit,hideofthefore,HideoftheForestSpirit2,hideofthefore
T,Arch-Robe of the Brown Wizard,LesserRobeOrderofPain,lesserrobe3or004,LesserRobeOrderofPain6,lesserrobe3or004
T,Longsword of Elrond,LongswordofElrond,handofpaladine,LongswordofElrond2,handofpaladine
T,Mordor Bowman Armor,MordorBowmanArmor,mordorbowmana001,MordorBowmanArmor3,mordorbowmana001
T,Mordor Orc Scout Garb,MordorOrcScoutGarb,mordororcscoutga,MordorOrcScoutGarb2,mordororcscoutga
T,NPC Buff Gear,NPCBuffGear,npcbuffgear,NPCBuffGear7,npcbuffgear
T,NPC Buff Gear *,NPCBuffGear,npcbuffgear,NPCBuffGear8,npcbuffgear
T,NPC Buff Gear,NPCBuffGear,npcbuffgear,NPCBuffGear10,npcbuffgear
T,NPC Buff Gear,NPCBuffGear,npcbuffgear,NPCBuffGear11,npcbuffgear
T,NPC Buff Gear,NPCBuffGear,npcbuffgear,NPCBuffGear13,npcbuffgear
T,NPC Buff Gear *,NPCBuffGear,npcbuffgear,NPCBuffGear15,npcbuffgear
T,NPC Buff Gear **,NPCBuffGear,npcbuffgear002,NPCBuffGear6,npcbuffgear002
T,NPC Buff Gear,NPCBuffGear,npcbuffgear002,NPCBuffGear12,npcbuffgear002
T,NPC Buff Gear,NPCBuffGear,npcbuffgear005,NPCBuffGear9,npcbuffgear005
T,Afjea NPC Buff Gear **,NPCBuffGear,npcbuffgear006,NPCBuffGear14,npcbuffgear006
T,DolGur Buff Gear **,NPCBuffGear2223,npcbuffgear006,NPCBuffGear22233,npcbuffgear006
T,NPC Buff Gear Helms Deep,NPCBuffGearHelmsDeep,npcbuffgear004,NPCBuffGearHelmsDeep2,npcbuffgear004
T,Skin of High Wiz,NPCBuffGearhighwiz,npcbuffgear012,NPCBuffGearhighwiz2,npcbuffgear012
T,nw_it_creitem059,NW_IT_CREITEM059,nw_it_creitem059,NW_IT_CREITEM0592,nw_it_creitem059
T,Dunharrow Undead Properties,NW_IT_CREITEMUNH,it_creitemunh001,NW_IT_CREITEMUNH10,it_creitemunh001
T,nw_it_creitemunh,NW_IT_CREITEMUNH,nw_it_creitemunh,NW_IT_CREITEMUNH3,nw_it_creitemunh
T,nw_it_crewpsp015,NW_IT_CREWPSP015,nw_it_crewpsp015,NW_IT_CREWPSP0153,nw_it_crewpsp015
T,it_crewpsp017,NW_IT_CREWPSP018,it_crewpsp017,NW_IT_CREWPSP018,it_crewpsp017
T,it_crewpsp017,NW_IT_CREWPSP018,it_crewpsp017,NW_IT_CREWPSP0182,it_crewpsp017
T,nw_it_mbelt007,NW_IT_MBELT007,nw_it_mbelt007,NW_IT_MBELT0073,nw_it_mbelt007
T,Dragon Slippers,NW_IT_MBOOTS003,dragonslips,NW_IT_MBOOTS0033,dragonslips
T,nw_it_mboots003,NW_IT_MBOOTS003,nw_it_mboots003,NW_IT_MBOOTS0034,nw_it_mboots003
T,nw_it_mglove010,nw_it_mglove010,nw_it_mglove010,nw_it_mglove0103,nw_it_mglove010
T,Ring of Power,NW_IT_MRING030,it_mring031,NW_IT_MRING0303,it_mring031
T,nw_it_mring030,NW_IT_MRING030,nw_it_mring030,NW_IT_MRING0302,nw_it_mring030
T,nw_mcloth011,NW_MCLOTH011,nw_mcloth011,NW_MCLOTH0113,nw_mcloth011
T,nw_wammar006,NW_WAMMAR006,nw_wammar006,NW_WAMMAR0062,nw_wammar006
T,Greater Tempest,NW_WBLMML007,wblmml008,NW_WBLMML0073,wblmml008
T,Greater Tempest,NW_WBLMML007,wblmml008,NW_WBLMML0074,wblmml008
T,nw_wmgst005,NW_WMGST005,nw_wmgst005,NW_WMGST0054,nw_wmgst005
T,Orc Scout blade,OrcScoutblade,orcscoutblade,OrcScoutblade2,orcscoutblade
T,Prophets Rune,ProphetsRune,prophetsrune,ProphetsRune2,prophetsrune
T,Ring of the Red Warrior,RingoftheRedWarrior,054,RingoftheRedWarrior,054
T,Ring of the Red Warrior,RingoftheRedWarrior,ringoftheredwarr,RingoftheRedWarrior3,ringoftheredwarr
T,Ring of the Red Warrior,RingoftheRedWarrior,ringoftheredwarr,RingoftheRedWarrior4,ringoftheredwarr
T,RivendellBuff,RivendellBuff,npcbuffgear005,RivendellBuff2,npcbuffgear005
T,Shadow of the East,ShadowoftheEast,shadowoftheeast,ShadowoftheEast2,shadowoftheeast
T,Shield of the Dwarven Cleric,ShieldoftheDwarvenCleric,shieldofthedwarv,ShieldoftheDwarvenCleric2,shieldofthedwarv
T,Shroud of Thuringwethil,ShroudofThuringwethil,shroudofthuringw,ShroudofThuringwethil2,shroudofthuringw
T,Skull Splitter,SkullSplitter,skullsplitter,SkullSplitter3,skullsplitter
T,Spear of the Ridermark,SpearoftheRidermark,spearoftheroh001,SpearoftheRidermark5,spearoftheroh001
T,Staff of the Orc Shaman,StaffoftheOrcShaman,staffoftheorcsha,StaffoftheOrcShaman3,staffoftheorcsha
T,The Advocet's Symbol,TheAdvocetsSymbol,kaligunsamule001,TheAdvocetsSymbol2,kaligunsamule001
T,Black Numenorian Slasher,UrukaiGreatSword,headsplitter002,UrukaiGreatSword5,headsplitter002
T,Uruk Hai White Mask,UrukhaiWhiteHand,urukhaiwhitehand,UrukhaiWhiteHand2,urukhaiwhitehand
T,Wall of Pain,WallofPain,wallofpain,WallofPain2,wallofpain
T,Warder Garb,WarderGarb,wardergarb,WarderGarb2,wardergarb
T,x2_it_mcloak009,X2_IT_MCLOAK009,x2_it_mcloak009,X2_IT_MCLOAK0092,x2_it_mcloak009
T,x2_it_mring019,X2_IT_MRING019,x2_it_mring019,X2_IT_MRING0192,x2_it_mring019
